{"figure1": [[0,0], [-31.443,94.33], [429.7165, 94.33],[425.662840074,0]], "figure2": [[-31.443,94.33], [-60.8433, 182.5299], [402.886, 182.5299], [433.098135061,160.221937], [429.7165,94.33]], "figure3": [[-60.8433, 182.5299],[-92.90069267118855,276.2304132311],[140.84355006431937,304.56447871509005],[353.184436323616,223.5702557100],[402.886, 182.5299]]}