{"figure1": [[357.73311232231924, 219.96447871999683], [353.18443632, 223.57025571000003], [140.84355005999998, 304.56447872], [-92.90069267000001, 276.23041323], [-73.97756169183421, 219.9644787199968]], "figure2": [[-73.97756169183421, 219.9644787199968], [357.73311232231924, 219.96447871999683], [433.09813506, 160.22193722000003], [431.485172680851, 125.46447871999338], [-42.195704818581454, 125.46447871999335]], "figure3": [[431.485172680851, 125.46447871999338], [425.66284007, 2.6064331730384862e-14], [0.0, 0.0], [-42.195704818581454, 125.46447871999335]]}