{"figure1": [[323.3124365369018, 234.9644787199974], [140.84355005999998, 304.56447872], [-92.90069267000001, 276.23041323], [-79.0223008780648, 234.96447871999737]], "figure2": [[-79.0223008780648, 234.96447871999737], [323.3124365369018, 234.9644787199974], [353.18443632, 223.57025571000003], [427.36773366028757, 164.76447871999474], [-55.41292148650559, 164.7644787199947]], "figure3": [[427.36773366028757, 164.76447871999474], [433.09813506, 160.22193722000003], [425.66284007, 2.6064331730384862e-14], [0.0, 0.0], [-55.41292148650559, 164.7644787199947]]}