{"points_0": {"x": [-74.81835155620595, 354.57937041389914, 342.9750320624307, -76.49993128494943, -78.1815110136929, 329.8666350454124, 316.75823802839415, -79.86309074243636, -81.54467047117983, 303.6498410113759, 290.5414439943575, -83.22625019992331, -84.90782992866679, 277.4330469773392, 264.3246499603209, -86.58940965741026, -88.27098938615372, 251.2162529433026, 238.10785592628434, -89.95256911489719, -91.63414884364067, 224.99945890926585, 211.89106189224756, -82.72016621006337, -41.47224807906021, 198.78266487522927, 185.674267858211, -0.22432994805704054, 41.02358818294583, 172.5658708411928, 159.45747382417434, 82.27150631394929, 123.51942444495245, 146.34907680715605], "y": [222.46447871999678, 222.46447871999686, 227.46447871999686, 227.46447871999686, 232.4644787199968, 232.4644787199968, 237.46447871999686, 237.4644787199968, 242.46447871999678, 242.46447871999678, 247.46447871999686, 247.4644787199968, 252.4644787199968, 252.4644787199968, 257.4644787199968, 257.4644787199968, 262.4644787199968, 262.4644787199968, 267.4644787199968, 267.4644787199968, 272.4644787199968, 272.4644787199968, 277.4644787199968, 277.46447871999686, 282.46447871999686, 282.46447871999686, 287.4644787199968, 287.4644787199968, 292.4644787199968, 292.4644787199968, 297.4644787199968, 297.46447871999686, 302.46447871999686, 302.46447871999686]}, "points_1": {"x": [431.60118823900456, -43.0364946829532, -44.71807441169667, 431.8332193553113, 432.0652504716182, -46.39965414044015, -48.08123386918361, 432.29728158792506, 432.52931270423187, -49.762813597927085, -51.44439332667056, 432.7613438205387, 432.99337493684556, -53.12597305541403, -54.807552784157494, 429.6384278343533, 423.3309440175087, -56.48913251290097, -58.170712241644445, 417.02346020066386, 410.7159763838192, -59.85229197038792, -61.53387169913138, 404.4084925669745, 398.1010087501298, -63.215451427874854, -64.89703115661833, 391.7935249332851, 385.48604111644033, -66.5786108853618, -68.26019061410526, 379.17855729959564, 372.87107348275094, -69.94177034284874, -71.62335007159221, 366.56358966590625, 360.25610584906156, -73.30492980033567], "y": [127.96447871999341, 127.96447871999337, 132.96447871999337, 132.96447871999337, 137.9644787199934, 137.96447871999337, 142.96447871999337, 142.96447871999337, 147.96447871999337, 147.96447871999337, 152.9644787199934, 152.9644787199934, 157.96447871999337, 157.9644787199934, 162.96447871999337, 162.96447871999337, 167.9644787199934, 167.96447871999337, 172.96447871999337, 172.96447871999337, 177.9644787199934, 177.96447871999337, 182.96447871999337, 182.96447871999337, 187.9644787199934, 187.96447871999337, 192.96447871999337, 192.96447871999337, 197.9644787199934, 197.96447871999337, 202.96447871999337, 202.96447871999337, 207.9644787199934, 207.96447871999337, 212.96447871999337, 212.96447871999337, 217.96447871999337, 217.96447871999334]}, "points_2": {"x": [-41.354914954209725, 431.3691571226975, 431.1371260063907, -39.67333522546625, -37.99175549672279, 430.9050948900839, 430.673063773777, -36.31017576797932, -34.628596039235845, 430.44103265747026, 430.2090015411634, -32.94701631049237, -31.265436581748908, 429.97697042485663, 429.7449393085497, -29.583856853005443, -27.90227712426197, 429.5129081922429, 429.280877075936, -26.2206973955185, -24.539117666775027, 429.0488459596292, 428.8168148433224, -22.85753793803156, -21.17595820928809, 428.5847837270155, 428.35275261070876, -19.49437848054462, -17.81279875180115, 428.12072149440183, 427.888690378095, -16.131219023057678, -14.44963929431421, 427.6566592617882, 427.4246281454814, -12.76805956557074, -11.08647983682727, 427.1925970291745, 426.96056591286776, -9.4049001080838, -7.723320379340329, 426.7285347965609, 426.496503680254, -6.04174065059686, -4.36016092185339, 426.2644725639472, 426.03244144764034, -2.6785811931099204, -0.9970014643664502, 425.8004103313335], "y": [122.96447871999337, 122.9644787199934, 117.9644787199934, 117.9644787199934, 112.96447871999337, 112.9644787199934, 107.9644787199934, 107.9644787199934, 102.96447871999337, 102.9644787199934, 97.96447871999341, 97.96447871999341, 92.9644787199934, 92.96447871999341, 87.9644787199934, 87.9644787199934, 82.9644787199934, 82.9644787199934, 77.9644787199934, 77.9644787199934, 72.96447871999338, 72.9644787199934, 67.9644787199934, 67.9644787199934, 62.96447871999338, 62.964478719993394, 57.964478719993394, 57.964478719993394, 52.96447871999337, 52.964478719993394, 47.964478719993394, 47.964478719993394, 42.96447871999337, 42.964478719993394, 37.964478719993394, 37.964478719993394, 32.96447871999338, 32.964478719993394, 27.96447871999339, 27.96447871999339, 22.964478719993373, 22.96447871999339, 17.964478719993394, 17.964478719993394, 12.964478719993377, 12.964478719993393, 7.964478719993392, 7.964478719993392, 2.9644787199933766, 2.9644787199933926]}}