{"points_0": {"x": [-82.36309074243653, 319.25823802839267, 306.1498410113743, -84.04467047118001, -85.72625019992346, 293.0414439943561, 279.9330469773377, -87.40782992866693, -89.0894096574104, 266.82464996031933, 253.716252943301, -90.77098938615387, -92.45256911489734, 240.60785592628278, 227.4994589092644, -94.13414884364082, -85.22016621005847, 214.39106189224606, 201.28266487522782, -43.97224807905583, -2.724329948052552, 188.1742678582096, 175.0658708411912, 38.523588182950725, 79.771506313954, 161.9574738241729, 148.84907680715452, 121.01942444495697], "y": [237.46447871999737, 237.46447871999743, 242.46447871999743, 242.46447871999743, 247.46447871999737, 247.46447871999737, 252.46447871999743, 252.46447871999743, 257.4644787199974, 257.46447871999743, 262.46447871999743, 262.46447871999743, 267.4644787199974, 267.46447871999743, 272.46447871999743, 272.46447871999743, 277.46447871999743, 277.46447871999743, 282.4644787199974, 282.4644787199974, 287.4644787199974, 287.4644787199974, 292.4644787199974, 292.4644787199974, 297.4644787199974, 297.4644787199974, 302.4644787199974, 302.4644787199974]}, "points_1": {"x": [426.71399175186536, -58.75371135087736, -60.43529107962083, 420.40650793502067, 414.0990241181759, -62.1168708083643, -63.798450537107776, 407.7915403013312, 401.48405648448653, -65.48003026585124, -67.1616099945947, 395.1765726676417, 388.8690888507971, -68.84318972333818, -70.52476945208164, 382.56160503395233, 376.2541212171076, -72.20634918082511, -73.88792890956859, 369.94663740026294, 363.6391535834182, -75.56950863831206, -77.25108836705552, 357.33166976657344, 345.9993679431169, -78.932668095799, -80.61424782454246, 332.8909709260986], "y": [167.26447871999477, 167.2644787199947, 172.26447871999477, 172.26447871999477, 177.2644787199948, 177.2644787199947, 182.26447871999477, 182.26447871999477, 187.2644787199948, 187.2644787199947, 192.2644787199947, 192.2644787199947, 197.26447871999477, 197.26447871999477, 202.26447871999477, 202.26447871999477, 207.2644787199948, 207.2644787199947, 212.26447871999468, 212.26447871999468, 217.2644787199948, 217.2644787199947, 222.26447871999477, 222.26447871999477, 227.2644787199948, 227.2644787199947, 232.26447871999477, 232.26447871999477]}, "points_2": {"x": [-57.07213162213386, 433.02147556870915, 435.4608905805626, -55.39055189339039, -53.708972164646916, 435.22885946425583, 434.99682834794896, -52.02739243590345, -50.34581270715997, 434.7647972316421, 434.53276611533533, -48.66423297841651, -46.98265324967305, 434.30073499902846, 434.0687038827216, -45.30107352092956, -43.619493792186105, 433.83667276641484, 433.60464165010796, -41.93791406344262, -40.25633433469916, 433.3726105338011, 433.14057941749434, -38.5747546059557, -36.89317487721222, 432.90854830118747, 432.6765171848806, -35.21159514846875, -33.53001541972528, 432.44448606857384, 432.21245495226697, -31.848435690981812, -30.166855962238337, 431.9804238359601, 431.74839271965334, -28.485276233494872, -26.8036965047514, 431.51636160334647, 431.2843304870396, -25.12211677600793, -23.440537047264463, 431.05229937073284, 430.82026825442597, -21.758957318520995, -20.077377589777523, 430.5882371381191, 430.35620602181234, -18.395797861034048, -16.714218132290586, 430.12417490550547, 429.8921437891986, -15.03263840354711, -13.351058674803639, 429.66011267289184, 429.42808155658497, -11.669478946060174, -9.987899217316702, 429.1960504402781, 428.96401932397134, -8.30631948857323, -6.624739759829764, 428.7319882076645, 428.4999570913576, -4.943160031086292, -3.2615803023428196, 428.26792597505084], "y": [162.26447871999477, 162.26447871999477, 157.26447871999477, 157.26447871999474, 152.26447871999477, 152.26447871999477, 147.26447871999477, 147.26447871999474, 142.26447871999474, 142.26447871999474, 137.26447871999477, 137.26447871999477, 132.26447871999474, 132.26447871999474, 127.26447871999476, 127.26447871999474, 122.26447871999476, 122.26447871999476, 117.26447871999477, 117.26447871999474, 112.26447871999474, 112.26447871999474, 107.26447871999477, 107.26447871999476, 102.26447871999476, 102.26447871999476, 97.26447871999477, 97.26447871999474, 92.26447871999474, 92.26447871999474, 87.26447871999477, 87.26447871999474, 82.26447871999474, 82.26447871999474, 77.26447871999477, 77.26447871999474, 72.26447871999474, 72.26447871999474, 67.26447871999477, 67.26447871999473, 62.26447871999474, 62.26447871999474, 57.26447871999477, 57.26447871999474, 52.26447871999473, 52.26447871999473, 47.264478719994756, 47.26447871999473, 42.26447871999474, 42.26447871999474, 37.26447871999476, 37.264478719994734, 32.26447871999473, 32.26447871999473, 27.264478719994774, 27.26447871999474, 22.264478719994738, 22.264478719994738, 17.264478719994763, 17.264478719994727, 12.264478719994747, 12.264478719994747, 7.264478719994769, 7.264478719994737, 2.26447871999473, 2.2644787199947305]}}