{"points_0": {"x": [-30.60967550090109, 429.60906705380046, 429.3942011614013, -28.94302650270328, -27.27637750450546, 429.17933526900237, 428.96446937660335, -25.609728506307647, -23.943079508109825, 428.7496034842044, 428.53473759180525, -22.276430509912014, -20.609781511714193, 428.31987169940624, 428.1050058070073, -18.94313251351638, -17.276483515318564, 427.89013991460826, 427.6752740222091, -15.609834517120749, -13.943185518922935, 427.46040812981016, 427.24554223741114, -12.276536520725115, -10.609887522527302, 427.0306763450122, 426.81581045261316, -8.94323852432948, -7.276589526131668, 426.60094456021403, 426.38607866781507, -5.609940527933848, -3.943291529736036, 426.17121277541605, 425.9563468830171, -2.2766425315382155, -0.6099935333404032, 425.74148099061796], "y": [91.83, 91.83, 86.83, 86.83, 81.82999999999998, 81.82999999999998, 76.83, 76.83, 71.82999999999998, 71.82999999999998, 66.83000000000001, 66.83000000000001, 61.83, 61.83, 56.830000000000005, 56.830000000000005, 51.83, 51.83, 46.83, 46.83, 41.83, 41.83, 36.82999999999999, 36.82999999999999, 31.830000000000005, 31.830000000000005, 26.829999999999995, 26.829999999999995, 21.830000000000005, 21.830000000000005, 16.829999999999995, 16.829999999999995, 11.830000000000007, 11.830000000000007, 6.829999999999995, 6.829999999999995, 1.830000000000007, 1.830000000000007]}, "points_1": {"x": [-60.00995721843222, 406.27180163740206, 413.0434049122058, -58.343271655296654, -56.6765860921611, 419.81500818700954, 426.5866114618132, -55.00990052902554, -53.343214965889985, 433.0882795448051, 432.8316749270808, -51.676529402754426, -50.00984383961886, 432.5750703093565, 432.3184656916322, -48.34315827648331, -46.67647271334775, 432.06186107390783, 431.80525645618343, -45.00978715021218, -43.34310158707663, 431.54865183845914, 431.29204722073484, -41.676416023941066, -40.009730460805514, 431.0354426030105, 430.77883798528626, -38.343044897669955, -36.67635933453439, 430.5222333675619, 430.2656287498376, -35.00967377139883, -33.34298820826327, 430.00902413211327], "y": [180.0299, 180.0299, 175.0299, 175.0299, 170.0299, 170.0299, 165.0299, 165.0299, 160.0299, 160.0299, 155.0299, 155.0299, 150.0299, 150.0299, 145.0299, 145.0299, 140.02990000000003, 140.0299, 135.02990000000003, 135.02990000000003, 130.0299, 130.0299, 125.0299, 125.0299, 120.02990000000003, 120.0299, 115.0299, 115.0299, 110.0299, 110.0299, 105.0299, 105.0299, 100.0299, 100.02989999999998]}, "points_2": {"x": [399.8583968751888, -61.698615290326195, -63.40924587097858, 393.80319062556634, 387.747984375944, -65.11987645163096, -66.83050703228335, 381.6927781263215, 375.6375718766991, -68.54113761293573, -70.2517681935881, 369.5823656270766, 363.5271593774542, -71.9623987742405, -73.67302935489286, 357.47195312783174, 349.357716952008, -75.38365993554525, -77.09429051619763, 336.24931993423843, 323.1409229164689, -78.80492109685001, -80.51555167750239, 310.03252589869936, 296.92412888092986, -82.2261822581548, -83.93681283880716, 283.81573186316035, 270.7073348453908, -85.64744341945955, -87.35807400011194, 257.5989378276212, 244.49054080985167, -89.06870458076432, -90.7793351614167, 231.38214379208222, 218.27374677431268, -92.48996574206907, -61.55650882711841, 205.16534975654312, 192.05695273877356, -20.308590686394318, 20.93932745432977, 178.948555721004, 165.84015870323455, 62.18724559505414, 103.4351637357785, 152.73176168546482], "y": [185.02989999999997, 185.02989999999997, 190.02989999999997, 190.02989999999997, 195.02989999999997, 195.02989999999997, 200.0299, 200.0299, 205.02989999999997, 205.02989999999997, 210.02989999999997, 210.02989999999997, 215.02989999999997, 215.02989999999997, 220.0299, 220.0299, 225.02989999999997, 225.02989999999997, 230.02989999999997, 230.02989999999997, 235.0299, 235.02989999999997, 240.0299, 240.0299, 245.02989999999997, 245.02989999999997, 250.02989999999997, 250.02989999999997, 255.0299, 255.02989999999997, 260.02989999999994, 260.02989999999994, 265.0299, 265.0299, 270.0299, 270.0299, 275.0299, 275.0299, 280.0299, 280.0299, 285.0299, 285.0299, 290.0299, 290.0299, 295.0299, 295.0299, 300.0299, 300.0299]}}